"","X","Date","Match_id","Season","Team","Opposition","Status","Venue","Round","results","Odds","line_Odds","Opp_Odds","Opp_lineOdds","Tips","Loss_prob","Win_Prob","Actual","Team_predicted","margin_estimate_1","margin_estimate_2","Tip_Outcome","Actual.Margin"
"1",1,"11/6/20",9937,2020,"Collingwood","Richmond","Home","M.C.G.","Round 2",999,2.4,8.5,1.6,-8.5,0,0.565,0.423,2,"Richmond",-9,NA,0,0
"2",2,"12/6/20",9938,2020,"Geelong","Hawthorn","Home","Kardinia Park","Round 2",999,1.55,-10.5,2.45,10.5,0,0.526,0.464,1,"Hawthorn",-4,NA,0,61
"3",3,"13/6/20",9939,2020,"Brisbane","Fremantle","Home","Gabba","Round 2",999,1.36,-18.5,3.25,18.5,1,0.286,0.71,1,"Brisbane",28,NA,1,12
"4",4,"13/6/20",9940,2020,"Carlton","Melbourne","Home","Docklands","Round 2",999,2.4,9.5,1.6,-9.5,1,0.29,0.706,0,"Carlton",28,NA,0,1
"5",5,"13/6/20",9941,2020,"Port Adelaide","Adelaide","Home","Adelaide Oval","Round 2",999,1.47,-13.5,2.75,13.5,1,0.396,0.597,1,"Port Adelaide",14,NA,1,75
"6",6,"13/6/20",9942,2020,"Gold Coast","West Coast","Home","Carrara","Round 2",999,5.75,30.5,1.15,-30.5,0,0.842,0.155,1,"West Coast",-44,NA,0,44
"7",7,"14/6/20",9943,2020,"GWS","North Melbourne","Home","Sydney Showground","Round 2",999,1.35,-19.5,3.2,19.5,1,0.414,0.579,0,"GWS",11,NA,0,-20
"8",8,"14/6/20",9944,2020,"Sydney","Essendon","Home","S.C.G.","Round 2",999,1.74,-3.5,2.1,3.5,0,0.551,0.437,0,"Essendon",-7,NA,1,-6
"9",9,"14/6/20",9945,2020,"St Kilda","Western Bulldogs","Home","Docklands","Round 2",999,2.35,9.5,1.6,-9.5,0,0.669,0.321,1,"Western Bulldogs",-22,NA,0,39
"10",10,"11/6/20",9937,2020,"Richmond","Collingwood","Away","M.C.G.","Round 2",999,1.6,-8.5,2.4,8.5,1,0.422,0.57,2,"Richmond",10,NA,0,0
"11",11,"12/6/20",9938,2020,"Hawthorn","Geelong","Away","Kardinia Park","Round 2",999,2.45,10.5,1.55,-10.5,1,0.473,0.519,0,"Hawthorn",3,NA,0,-61
"12",12,"13/6/20",9939,2020,"Fremantle","Brisbane","Away","Gabba","Round 2",999,3.25,18.5,1.36,-18.5,0,0.669,0.321,0,"Brisbane",-22,NA,1,-12
"13",13,"13/6/20",9940,2020,"Melbourne","Carlton","Away","Docklands","Round 2",999,1.6,-9.5,2.4,9.5,0,0.669,0.321,1,"Carlton",-22,NA,0,-1
"14",14,"13/6/20",9941,2020,"Adelaide","Port Adelaide","Away","Adelaide Oval","Round 2",999,2.75,13.5,1.47,-13.5,0,0.63,0.358,0,"Port Adelaide",-17,NA,1,-75
"15",15,"13/6/20",9942,2020,"West Coast","Gold Coast","Away","Carrara","Round 2",999,1.15,-30.5,5.75,30.5,1,0.133,0.865,0,"West Coast",48,NA,0,-44
"16",16,"14/6/20",9943,2020,"North Melbourne","GWS","Away","Sydney Showground","Round 2",999,3.2,19.5,1.35,-19.5,0,0.569,0.418,1,"GWS",-10,NA,0,20
"17",17,"14/6/20",9944,2020,"Essendon","Sydney","Away","S.C.G.","Round 2",999,2.1,3.5,1.74,-3.5,1,0.478,0.514,1,"Essendon",3,NA,1,6
"18",18,"14/6/20",9945,2020,"Western Bulldogs","St Kilda","Away","Docklands","Round 2",999,1.6,-9.5,2.35,9.5,1,0.291,0.705,0,"Western Bulldogs",27,NA,0,-39
"19",19,"18/6/20",9946,2020,"Richmond","Hawthorn","Home","M.C.G.","Round 3",999,1.35,-16.5,3.25,16.5,1,0.3418,0.6582,0,"Richmond",21,NA,0,-32
"20",20,"19/6/20",9947,2020,"Western Bulldogs","GWS","Home","Docklands","Round 3",999,2.45,9.5,1.56,-9.5,0,0.5949,0.4051,1,"GWS",-11,NA,0,24
"21",21,"20/6/20",9948,2020,"North Melbourne","Sydney","Home","Docklands","Round 3",999,1.56,-9.5,2.45,9.5,1,0.3738,0.6262,0,"North Melbourne",17,NA,0,-11
"22",22,"20/6/20",9949,2020,"Collingwood","St Kilda","Home","M.C.G.","Round 3",999,1.38,16.5,3.1,-16.5,0,0.5455,0.4545,1,"St Kilda",-5,NA,0,44
"23",23,"20/6/20",9950,2020,"Brisbane","West Coast","Home","Gabba","Round 3",999,1.78,-3.5,2.05,3.5,1,0.4863,0.5137,1,"Brisbane",3,NA,1,30
"24",24,"20/6/20",9951,2020,"Geelong","Carlton","Home","Kardinia Park","Round 3",999,1.15,-27.5,5.5,27.5,1,0.2551,0.7449,0,"Geelong",33,NA,0,-2
"25",25,"21/6/20",9952,2020,"Gold Coast","Adelaide","Home","Carrara","Round 3",999,1.85,-1.5,1.97,1.5,1,0.489,0.511,1,"Gold Coast",2,NA,1,53
"26",26,"21/6/20",9954,2020,"Fremantle","Port Adelaide","Home","Carrara","Round 3",999,3.35,21.5,1.33,-21.5,0,0.7192,0.2808,0,"Port Adelaide",-27,NA,1,-29
"27",27,"18/6/20",9946,2020,"Hawthorn","Richmond","Away","M.C.G.","Round 3",999,3.25,16.5,1.35,-16.5,0,0.6157,0.3843,1,"Richmond",-14,NA,0,32
"28",28,"19/6/20",9947,2020,"GWS","Western Bulldogs","Away","Docklands","Round 3",999,1.56,-9.5,2.45,9.5,1,0.4028,0.5972,0,"GWS",14,NA,0,-24
"29",29,"20/6/20",9948,2020,"Sydney","North Melbourne","Away","Docklands","Round 3",999,2.45,9.5,1.56,-9.5,0,0.6083,0.3917,1,"North Melbourne",-13,NA,0,11
"30",30,"20/6/20",9949,2020,"St Kilda","Collingwood","Away","M.C.G.","Round 3",999,3.1,-16.5,1.38,16.5,1,0.381,0.619,0,"St Kilda",16,NA,0,-44
"31",31,"20/6/20",9950,2020,"West Coast","Brisbane","Away","Gabba","Round 3",999,2.05,3.5,1.78,-3.5,0,0.5466,0.4534,0,"Brisbane",-5,NA,1,-30
"32",32,"20/6/20",9951,2020,"Carlton","Geelong","Away","Kardinia Park","Round 3",999,5.5,27.5,1.15,-27.5,0,0.8066,0.1934,1,"Geelong",-39,NA,0,2
"33",33,"21/6/20",9952,2020,"Adelaide","Gold Coast","Away","Carrara","Round 3",999,1.97,1.5,1.85,-1.5,0,0.5089,0.4911,0,"Gold Coast",0,NA,1,-53
"34",34,"21/6/20",9954,2020,"Port Adelaide","Fremantle","Away","Carrara","Round 3",999,1.33,-21.5,3.35,21.5,1,0.3324,0.6676,1,"Port Adelaide",23,NA,1,29
"35",35,"25/6/20",9955,2020,"Sydney","Western Bulldogs","Home","S.C.G.","Round 4",999,1.97,1.5,1.85,-1.5,0,0.5185,0.4815,0,"Western Bulldogs",-1,-6,1,-38
"36",36,"26/6/20",9956,2020,"GWS","Collingwood","Home","Sydney Showground","Round 4",999,2.2,6.5,1.68,-6.5,0,0.5734,0.4266,1,"Collingwood",-8,-8,0,2
"37",37,"27/6/20",9957,2020,"Port Adelaide","West Coast","Home","Carrara","Round 4",999,1.65,-6.5,2.25,6.5,0,0.5037,0.4963,1,"West Coast",1,-7,0,48
"38",38,"27/6/20",9958,2020,"St Kilda","Richmond","Home","Docklands","Round 4",999,3,14.5,1.4,-14.5,0,0.6276,0.3724,1,"Richmond",-15,-15,0,26
"39",39,"27/6/20",9960,2020,"Gold Coast","Fremantle","Home","Carrara","Round 4",999,1.68,-6.5,2.2,6.5,1,0.4527,0.5473,1,"Gold Coast",7,11,1,-1
"40",40,"28/6/20",9961,2020,"Brisbane","Adelaide","Home","Gabba","Round 4",999,1.13,-33.5,6,33.5,1,0.1904,0.8096,1,"Brisbane",41,32,1,13
"41",41,"28/6/20",9962,2020,"Melbourne","Geelong","Home","M.C.G.","Round 4",999,2.55,11.5,1.52,-11.5,0,0.5999,0.4001,0,"Geelong",-12,-13,1,37
"42",42,"28/6/20",9963,2020,"Hawthorn","North Melbourne","Home","Docklands","Round 4",999,1.65,-6.5,2.25,6.5,1,0.424,0.576,1,"Hawthorn",11,8,1,-3
"43",43,"27/6/20",9964,2020,"Essendon","Carlton","Home","M.C.G.","Round 4",999,1.56,-10.5,2.45,10.5,1,0.4351,0.5649,0,"Essendon",9,2,0,4
"44",44,"25/6/20",9955,2020,"Western Bulldogs","Sydney","Away","S.C.G.","Round 4",999,1.85,-1.5,1.97,1.5,0,0.5309,0.4691,1,"Sydney",-3,-9,0,38
"45",45,"26/6/20",9956,2020,"Collingwood","GWS","Away","Sydney Showground","Round 4",999,1.68,-6.5,2.2,6.5,1,0.4075,0.5925,1,"Collingwood",13,2,1,-2
"46",46,"27/6/20",9957,2020,"West Coast","Port Adelaide","Away","Carrara","Round 4",999,2.25,6.5,1.65,-6.5,0,0.5885,0.4115,0,"Port Adelaide",-10,-6,1,-48
"47",47,"27/6/20",9958,2020,"Richmond","St Kilda","Away","Docklands","Round 4",999,1.4,-14.5,3,14.5,1,0.3761,0.6239,0,"Richmond",17,13,0,-26
"48",48,"27/6/20",9960,2020,"Fremantle","Gold Coast","Away","Carrara","Round 4",999,2.2,6.5,1.68,-6.5,0,0.5735,0.4265,0,"Gold Coast",-8,-7,1,1
"49",49,"28/6/20",9961,2020,"Adelaide","Brisbane","Away","Gabba","Round 4",999,6,33.5,1.13,-33.5,0,0.7706,0.2294,0,"Brisbane",-34,-26,1,-13
"50",50,"28/6/20",9962,2020,"Geelong","Melbourne","Away","M.C.G.","Round 4",999,1.52,-11.5,2.55,11.5,1,0.4069,0.5931,1,"Geelong",13,2,1,-37
"51",51,"28/6/20",9963,2020,"North Melbourne","Hawthorn","Away","Docklands","Round 4",999,2.25,6.5,1.65,-6.5,0,0.575,0.425,0,"Hawthorn",-9,-8,1,3
"52",52,"2/7/20",9964,2020,"Carlton","St Kilda","Home","Docklands","Round 5",999,2.25,7.5,1.65,-7.5,0,0.58,0.42,0,"St Kilda",-10,-4,1,-18
"53",53,"3/7/20",9965,2020,"Collingwood","Essendon","Home","M.C.G.","Round 5",999,1.42,-13.5,2.9,13.5,1,0.36,0.64,0,"Collingwood",19,12,0,-15
"54",54,"4/7/20",9966,2020,"West Coast","Sydney","Home","Carrara","Round 5",999,1.58,-9.5,2.4,9.5,1,0.39,0.61,1,"West Coast",15,13,1,34
"55",55,"4/7/20",9967,2020,"Geelong","Gold Coast","Home","Kardinia Park","Round 5",999,1.32,-19.5,3.4,19.5,1,0.32,0.68,1,"Geelong",24,13,1,37
"56",56,"4/7/20",9968,2020,"Brisbane","Port Adelaide","Home","Gabba","Round 5",999,1.81,-2.5,2,2.5,0,0.55,0.45,1,"Port Adelaide",-5,-4,0,49
"57",57,"4/7/20",9969,2020,"Western Bulldogs","North Melbourne","Home","Docklands","Round 5",999,1.68,-6.5,2.2,6.5,1,0.43,0.57,1,"Western Bulldogs",10,6,1,37
"58",58,"5/7/20",9970,2020,"Adelaide","Fremantle","Home","Carrara","Round 5",999,2.4,9.5,2.4,-9.5,0,0.58,0.42,0,"Fremantle",-9,-3,1,-20
"59",59,"5/7/20",9971,2020,"Melbourne","Richmond","Home","M.C.G.","Round 5",999,2.5,10.5,1.54,-10.5,0,0.63,0.37,0,"Richmond",-15,-11,1,-27
"60",60,"5/7/20",9972,2020,"GWS","Hawthorn","Home","Sydney Showground","Round 5",999,1.62,-8.5,2.3,8.5,1,0.39,0.61,1,"GWS",16,13,1,34
"61",61,"2/7/20",9964,2020,"St Kilda","Carlton","Away","Docklands","Round 5",999,1.65,-5,2.25,5,1,0.42,0.58,1,"St Kilda",12,5,1,18
"62",62,"3/7/20",9965,2020,"Essendon","Collingwood","Away","M.C.G.","Round 5",999,2.9,13.5,1.42,-13.5,0,0.65,0.35,1,"Collingwood",-19,-11,0,15
"63",63,"4/7/20",9966,2020,"Sydney","West Coast","Away","Carrara","Round 5",999,2.4,8.5,1.58,-8.5,0,0.61,0.39,0,"West Coast",-14,-13,1,-34
"64",64,"4/7/20",9967,2020,"Gold Coast","Geelong","Away","Kardinia Park","Round 5",999,3.4,19.5,1.32,-19.5,0,0.72,0.28,0,"Geelong",-27,-27,1,-37
"65",65,"4/7/20",9968,2020,"Port Adelaide","Brisbane","Away","Gabba","Round 5",999,2,1.5,1.81,-1.5,1,0.49,0.51,0,"Port Adelaide",3,6,0,-49
"66",66,"4/7/20",9969,2020,"North Melbourne","Western Bulldogs","Away","Docklands","Round 5",999,2.2,5.5,1.68,-5.5,0,0.55,0.45,0,"Western Bulldogs",-6,-5,1,-37
"67",67,"5/7/20",9970,2020,"Fremantle","Adelaide","Away","Carrara","Round 5",999,2.4,-9.5,2.4,9.5,1,0.45,0.55,1,"Fremantle",8,8,1,20
"68",68,"5/7/20",9971,2020,"Richmond","Melbourne","Away","M.C.G.","Round 5",999,1.54,-10.5,2.5,10.5,1,0.4,0.6,1,"Richmond",14,13,1,27
"69",69,"5/7/20",9972,2020,"Hawthorn","GWS","Away","Sydney Showground","Round 5",999,2.3,7.5,1.62,-7.5,0,0.6,0.4,0,"GWS",-12,-12,1,-34
"70",70,"9/7/20",9973,2020,"Geelong","Brisbane","Home","S.C.G.","Round 6",999,2.25,7.5,1.65,-7.5,0,0.6,0.4,1,"Brisbane",-11,-4,0,27
"71",71,"10/7/20",9974,2020,"Collingwood","Hawthorn","Home","Sydney¬†Showground","Round 6",999,1.65,-6.5,2.25,6.5,1,0.47,0.53,1,"Collingwood",6,6,1,32
"72",72,"11/7/20",9975,2020,"Fremantle","St Kilda","Home","Carrara","Round 6",999,3.25,16.5,1.35,-16.5,0,0.67,0.33,1,"St Kilda",-21,-13,0,6
"73",73,"11/7/20",9976,2020,"West Coast","Adelaide","Home","Gabba","Round 6",999,1.13,-31.5,5.57,31.5,1,0.22,0.78,1,"West Coast",38,29,1,33
"74",74,"11/7/20",9977,2020,"Melbourne","Gold Coast","Home","Sydney¬†Showground","Round 6",999,1.66,-5.5,2.18,5.5,1,0.46,0.54,1,"Melbourne",6,7,1,17
"75",75,"11/7/20",9978,2020,"Essendon","North Melbourne","Home","Carrara","Round 6",999,1.57,-8.5,2.35,8.5,1,0.44,0.56,1,"Essendon",9,7,1,14
"76",76,"12/7/20",9979,2020,"Port Adelaide","GWS","Home","Carrara","Round 6",999,2,1.5,1.8,-1.5,0,0.53,0.47,1,"GWS",-3,-3,0,17
"77",77,"12/7/20",9980,2020,"Richmond","Sydney","Home","Gabba","Round 6",999,1.72,-3.5,2.1,3.5,0,0.53,0.47,1,"Sydney",-3,-3,0,8
"78",78,"12/7/20",9981,2020,"Carlton","Western Bulldogs","Home","Carrara","Round 6",999,2.54,10.5,1.5,-10.5,0,0.62,0.38,1,"Western Bulldogs",-14,-14,0,52
"79",79,"9/7/20",9973,2020,"Brisbane","Geelong","Away","S.C.G.","Round 6",999,1.65,-7.5,2.25,7.5,1,0.45,0.55,0,"Brisbane",8,8,0,-27
"80",80,"10/7/20",9974,2020,"Hawthorn","Collingwood","Away","Sydney¬†Showground","Round 6",999,2.25,6.5,1.65,-6.5,0,0.58,0.42,0,"Collingwood",-9,-2,1,-32
"81",81,"11/7/20",9975,2020,"St Kilda","Fremantle","Away","Carrara","Round 6",999,1.35,-16.5,3.25,16.5,1,0.38,0.62,0,"St Kilda",16,16,0,-6
"82",82,"11/7/20",9976,2020,"Adelaide","West Coast","Away","Gabba","Round 6",999,5.57,31.5,1.13,-31.5,0,0.81,0.19,0,"West Coast",-39,-40,1,-33
"83",83,"11/7/20",9977,2020,"Gold Coast","Melbourne","Away","Sydney¬†Showground","Round 6",999,2.18,5.5,1.66,-5.5,0,0.57,0.43,0,"Melbourne",-9,-3,1,-17
"84",84,"11/7/20",9978,2020,"North Melbourne","Essendon","Away","Carrara","Round 6",999,2.35,8.5,1.57,-8.5,0,0.59,0.41,0,"Essendon",-10,-3,1,-14
"85",85,"12/7/20",9979,2020,"GWS","Port Adelaide","Away","Carrara","Round 6",999,1.8,-1.5,2,1.5,1,0.49,0.51,0,"GWS",2,6,0,-17
"86",86,"12/7/20",9980,2020,"Sydney","Richmond","Away","Gabba","Round 6",999,2.1,3.5,1.72,-3.5,0,0.55,0.45,0,"Richmond",-5,-4,1,-8
"87",87,"12/7/20",9981,2020,"Western Bulldogs","Carlton","Away","Carrara","Round 6",999,1.5,-10.5,2.54,10.5,1,0.42,0.58,0,"Western Bulldogs",11,5,0,-52
"88",88,"16/7/20",9982,2020,"Geelong","Collingwood","Home","Perth Stadium","Round 7",999,2.1,3.5,1.74,-3.5,1,0.49,0.51,0,"Geelong",3,3,0,22
"89",89,"17/7/20",9983,2020,"Essendon","Western Bulldogs","Home","Carrara","Round 7",999,1.9,-0.5,1.9,0.5,1,0.41,0.59,0,"Essendon",12,5,0,42
"90",90,"18/7/20",9984,2020,"GWS","Brisbane","Home","Sydney Showground","Round 7",999,1.72,-4.5,2.1,4.5,1,0.44,0.56,0,"GWS",8,4,0,20
"91",91,"18/7/20",9985,2020,"Sydney","Gold Coast","Home","S.C.G.","Round 7",999,2.25,5.5,1.65,-5.5,0,0.58,0.42,0,"Gold Coast",-10,-4,1,32
"92",92,"18/7/20",9986,2020,"Richmond","North Melbourne","Home","Carrara","Round 7",999,1.57,-9.5,2.37,9.5,1,0.4,0.6,1,"Richmond",14,11,1,54
"93",93,"19/7/20",9987,2020,"Carlton","Port Adelaide","Home","Gabba","Round 7",999,2.76,15.5,1.43,-15.5,0,0.64,0.36,0,"Port Adelaide",-16,-15,1,3
"94",94,"19/7/20",9988,2020,"Hawthorn","Melbourne","Home","Sydney Showground","Round 7",999,1.72,-5.5,2.1,5.5,1,0.44,0.56,0,"Hawthorn",9,5,0,43
"95",95,"19/7/20",9989,2020,"Fremantle","West Coast","Home","Perth Stadium","Round 7",999,2.85,15.5,1.41,-15.5,0,0.62,0.38,0,"West Coast",-15,-12,1,30
"96",96,"20/7/20",9990,2020,"Adelaide","St Kilda","Home","Adelaide Oval","Round 7",999,2.99,16.5,1.38,-16.5,0,0.65,0.35,0,"St Kilda",-18,-12,1,-23
"97",97,"16/7/20",9982,2020,"Collingwood","Geelong","Away","Perth Stadium","Round 7",999,1.74,-3.5,2.1,3.5,1,0.47,0.53,1,"Collingwood",5,5,1,-22
"98",98,"17/7/20",9983,2020,"Western Bulldogs","Essendon","Away","Carrara","Round 7",999,1.9,0.5,1.9,-0.5,0,0.6,0.4,1,"Essendon",-11,-5,0,-42
"99",99,"18/7/20",9984,2020,"Brisbane","GWS","Away","Sydney Showground","Round 7",999,2.1,4.5,1.72,-4.5,0,0.54,0.46,1,"GWS",-5,-5,0,-20
"100",100,"18/7/20",9985,2020,"Gold Coast","Sydney","Away","S.C.G.","Round 7",999,1.65,-5.5,2.25,5.5,1,0.43,0.57,1,"Gold Coast",10,6,1,-32
"101",101,"18/7/20",9986,2020,"North Melbourne","Richmond","Away","Carrara","Round 7",999,2.37,9.5,1.57,-9.5,0,0.61,0.39,0,"Richmond",-14,-12,1,-54
"102",102,"19/7/20",9987,2020,"Port Adelaide","Carlton","Away","Gabba","Round 7",999,1.43,-15.5,2.76,15.5,1,0.37,0.63,1,"Port Adelaide",18,12,1,-3
"103",103,"19/7/20",9988,2020,"Melbourne","Hawthorn","Away","Sydney Showground","Round 7",999,2.1,5.5,1.72,-5.5,0,0.59,0.41,1,"Hawthorn",-10,-3,0,-43
"104",104,"19/7/20",9989,2020,"West Coast","Fremantle","Away","Perth Stadium","Round 7",999,1.41,-15.5,2.85,15.5,1,0.38,0.62,1,"West Coast",16,14,1,-30
"105",105,"20/7/20",9990,2020,"St Kilda","Adelaide","Away","Adelaide Oval","Round 7",999,1.38,-16.5,2.99,16.5,1,0.37,0.63,1,"St Kilda",17,12,1,23
"106",106,"23/7/20",9982,2020,"Gold Coast","Western Bulldogs","Home","Carrara","Round 8",999,2.25,7.5,1.65,-7.5,0,0.58669126,0.413308769,0,"Western Bulldogs",-10,-5,1,-5
"107",107,"24/7/20",9983,2020,"GWS","Richmond","Home","Sydney Showground","Round 8",999,1.71,-5.5,2.15,5.5,1,0.398899764,0.601100206,1,"GWS",14,12,1,12
"108",108,"25/7/20",9984,2020,"North Melbourne","Carlton","Home","Gabba","Round 8",999,2.45,10.5,1.56,-10.5,0,0.597848833,0.402151197,0,"Carlton",-12,-6,1,-7
"109",109,"25/7/20",9985,2020,"Sydney","Hawthorn","Home","S.C.G.","Round 8",999,2.2,6.5,1.68,-6.5,0,0.548621774,0.451378256,1,"Hawthorn",-5,-6,0,7
"110",110,"25/7/20",9986,2020,"Port Adelaide","St Kilda","Home","Adelaide Oval","Round 8",999,1.4,-16.5,2.95,16.5,1,0.366940111,0.633059859,0,"Port Adelaide",18,11,0,-29
"111",111,"26/7/20",9987,2020,"Adelaide","Essendon","Home","Adelaide Oval","Round 8",999,2.7,13.5,1.47,-13.5,0,0.595082104,0.404917926,0,"Essendon",-11,-5,1,-3
"112",112,"26/7/20",9988,2020,"West Coast","Collingwood","Home","Perth Stadium","Round 8",999,1.71,-5.5,2.15,5.5,1,0.434607536,0.565392435,1,"West Coast",9,4,1,66
"113",113,"26/7/20",9989,2020,"Melbourne","Brisbane","Home","Carrara","Round 8",999,2.6,12.5,1.5,-12.5,0,0.591549218,0.408450782,0,"Brisbane",-11,-4,1,-4
"114",114,"27/7/20",9990,2020,"Fremantle","Geelong","Home","Perth Stadium","Round 8",999,2.45,10.5,1.56,-10.5,0,0.595906317,0.404093742,0,"Geelong",-11,-5,1,-32
"115",115,"23/7/20",9982,2020,"Western Bulldogs","Gold Coast","Away","Carrara","Round 8",999,1.65,-7.5,2.25,7.5,1,0.414871484,0.585128546,1,"Western Bulldogs",12,4,1,5
"116",116,"24/7/20",9983,2020,"Richmond","GWS","Away","Sydney Showground","Round 8",999,2.15,5.5,1.71,-5.5,0,0.596111655,0.403888315,0,"GWS",-11,-6,1,-12
"117",117,"25/7/20",9984,2020,"Carlton","North Melbourne","Away","Gabba","Round 8",999,1.56,-10.5,2.45,10.5,1,0.384829462,0.615170598,1,"Carlton",16,13,1,7
"118",118,"25/7/20",9985,2020,"Hawthorn","Sydney","Away","S.C.G.","Round 8",999,1.68,-6.5,2.2,6.5,1,0.408008993,0.591991067,0,"Hawthorn",13,4,0,-7
"119",119,"25/7/20",9986,2020,"St Kilda","Port Adelaide","Away","Adelaide Oval","Round 8",999,2.95,16.5,1.4,-16.5,0,0.630028725,0.369971246,1,"Port Adelaide",-16,-15,0,29
"120",120,"26/7/20",9987,2020,"Essendon","Adelaide","Away","Adelaide Oval","Round 8",999,1.47,-13.5,2.7,13.5,1,0.394956976,0.605042994,1,"Essendon",15,12,1,3
"121",121,"26/7/20",9988,2020,"Collingwood","West Coast","Away","Perth Stadium","Round 8",999,2.15,5.5,1.71,-5.5,0,0.545093477,0.454906583,0,"West Coast",-5,-5,1,-66
"122",122,"26/7/20",9989,2020,"Brisbane","Melbourne","Away","Carrara","Round 8",999,1.5,-12.5,2.6,12.5,1,0.40312928,0.59687072,1,"Brisbane",13,5,1,4
"123",123,"27/7/20",9990,2020,"Geelong","Fremantle","Away","Perth Stadium","Round 8",999,1.56,-10.5,2.45,10.5,1,0.391558468,0.608441532,1,"Geelong",15,13,1,32
"124",124,"29/7/20",9982,2020,"Western Bulldogs","Richmond","Home","Carrara","Round 9",999,2.1,3.5,1.74,-3.5,0,0.565768778,0.434231192,0,"Richmond",-7,-4,1,-41
"125",125,"30/7/20",9983,2020,"Melbourne","Port Adelaide","Home","Sydney Showground","Round 9",999,2.2,6.5,1.65,-6.5,0,0.54727304,0.45272696,0,"Port Adelaide",-5,-4,1,-51
"126",126,"31/7/20",9984,2020,"Carlton","Hawthorn","Home","Gabba","Round 9",999,1.51,-10.5,2.5,10.5,1,0.382447422,0.617552638,0,"Carlton",16,14,0,-31
"127",127,"31/7/20",9985,2020,"Essendon","Brisbane","Home","S.C.G.","Round 9",999,2.92,15.5,1.39,-15.5,0,0.634908617,0.365091443,0,"Brisbane",-16,-14,1,-63
"128",128,"1/8/20",9986,2020,"North Melbourne","Adelaide","Home","Adelaide Oval","Round 9",999,1.47,-11.5,2.62,11.5,1,0.381406158,0.618593812,1,"North Melbourne",16,12,1,69
"129",129,"1/8/20",9987,2020,"St Kilda","Sydney","Home","Adelaide Oval","Round 9",999,1.4,-14.5,2.86,14.5,1,0.369404584,0.630595446,1,"St Kilda",18,12,1,53
"130",130,"1/8/20",9988,2020,"West Coast","Geelong","Home","Perth Stadium","Round 9",999,1.35,-16.5,3.14,16.5,1,0.362554729,0.637445271,1,"West Coast",19,14,1,9
"131",131,"2/8/20",9989,2020,"Gold Coast","GWS","Home","Carrara","Round 9",999,2.37,9.5,1.56,-9.5,0,0.551855505,0.448144466,0,"GWS",-6,-4,1,-26
"132",132,"2/8/20",9990,2020,"Fremantle","Collingwood","Home","Perth Stadium","Round 9",999,3.18,16.5,1.34,-16.5,0,0.632481515,0.367518485,1,"Collingwood",-16,-13,0,12
"133",133,"29/7/20",9982,2020,"Richmond","Western Bulldogs","Away","Carrara","Round 9",999,1.74,-3.5,2.1,3.5,1,0.414791048,0.585208893,1,"Richmond",12,0,1,41
"134",134,"30/7/20",9983,2020,"Port Adelaide","Melbourne","Away","Sydney Showground","Round 9",999,1.65,-6.5,2.2,6.5,1,0.433084369,0.566915631,1,"Port Adelaide",10,3,1,51
"135",135,"31/7/20",9984,2020,"Hawthorn","Carlton","Away","Gabba","Round 9",999,2.5,10.5,1.51,-10.5,0,0.604838848,0.395161152,1,"Carlton",-13,-13,0,31
"136",136,"31/7/20",9985,2020,"Brisbane","Essendon","Away","S.C.G.","Round 9",999,1.39,-15.5,2.92,15.5,1,0.360971659,0.639028311,1,"Brisbane",19,14,1,63
"137",137,"1/8/20",9986,2020,"Adelaide","North Melbourne","Away","Adelaide Oval","Round 9",999,2.62,11.5,1.47,-11.5,0,0.609391391,0.390608609,0,"North Melbourne",-13,-13,1,-69
"138",138,"1/8/20",9987,2020,"Sydney","St Kilda","Away","Adelaide Oval","Round 9",999,2.86,14.5,1.4,-14.5,0,0.642017186,0.357982814,0,"St Kilda",-17,-12,1,-53
"139",139,"1/8/20",9988,2020,"Geelong","West Coast","Away","Perth Stadium","Round 9",999,3.14,16.5,1.35,-16.5,0,0.637295246,0.362704784,0,"West Coast",-17,-13,1,-9
"140",140,"2/8/20",9989,2020,"GWS","Gold Coast","Away","Carrara","Round 9",999,1.56,-9.5,2.37,9.5,1,0.440493554,0.559506416,1,"GWS",9,4,1,26
"141",141,"2/8/20",9990,2020,"Collingwood","Fremantle","Away","Perth Stadium","Round 9",999,1.34,-16.5,3.18,16.5,1,0.367173702,0.632826269,0,"Collingwood",18,15,0,-12
"142",142,"3/8/20",9982,2020,"Port Adelaide","Western Bulldogs","Home","Adelaide Oval","Round 10",999,1.45,-13.5,2.75,13.5,1,0.370386422,0.629613519,1,"Port Adelaide",18,13,1,12
"143",143,"4/8/20",9983,2020,"Richmond","Brisbane","Home","Carrara","Round 10",999,1.9,-0.5,1.9,0.5,0,0.526679754,0.473320246,1,"Brisbane",-2,-4,0,41
"144",144,"5/8/20",9984,2020,"Geelong","North Melbourne","Home","Gabba","Round 10",999,1.37,-14.5,3.1,14.5,1,0.371932417,0.628067613,1,"Geelong",18,12,1,33
"145",145,"5/8/20",9985,2020,"Adelaide","Melbourne","Home","Adelaide Oval","Round 10",999,2.75,14.5,1.45,-14.5,0,0.630066097,0.369933933,0,"Melbourne",-16,-12,1,-51
"146",146,"6/8/20",9986,2020,"Collingwood","Sydney","Home","Gabba","Round 10",999,1.38,-14.5,2.98,14.5,1,0.383185595,0.616814375,1,"Collingwood",16,11,1,9
"147",147,"6/8/20",9987,2020,"Gold Coast","St Kilda","Home","Carrara","Round 10",999,2.45,10.5,1.53,-10.5,0,0.594537675,0.405462325,0,"St Kilda",-11,-4,1,4
"148",148,"7/8/20",9988,2020,"Essendon","GWS","Home","Carrara","Round 10",999,2.51,10.5,1.51,-10.5,0,0.596794784,0.403205216,0,"GWS",-11,-2,1,-4
"149",149,"3/8/20",9982,2020,"Western Bulldogs","Port Adelaide","Away","Adelaide Oval","Round 10",999,2.75,13.5,1.45,-13.5,0,0.621384561,0.378615409,0,"Port Adelaide",-15,-14,1,-12
"150",150,"4/8/20",9983,2020,"Brisbane","Richmond","Away","Carrara","Round 10",999,1.9,0.5,1.9,-0.5,1,0.486821383,0.513178647,0,"Brisbane",3,4,0,-41
"151",151,"5/8/20",9984,2020,"North Melbourne","Geelong","Away","Gabba","Round 10",999,3.1,14.5,1.37,-14.5,0,0.624191225,0.375808716,0,"Geelong",-15,-15,1,-33
"152",152,"5/8/20",9985,2020,"Melbourne","Adelaide","Away","Adelaide Oval","Round 10",999,1.45,-14.5,2.75,14.5,1,0.36260727,0.637392759,1,"Melbourne",19,13,1,51
"153",153,"6/8/20",9986,2020,"Sydney","Collingwood","Away","Gabba","Round 10",999,2.98,14.5,1.38,-14.5,0,0.614728093,0.385271847,0,"Collingwood",-14,-14,1,-9
"154",154,"6/8/20",9987,2020,"St Kilda","Gold Coast","Away","Carrara","Round 10",999,1.53,-10.5,2.45,10.5,1,0.40305829,0.596941769,1,"St Kilda",14,6,1,-4
"155",155,"7/8/20",9988,2020,"GWS","Essendon","Away","Carrara","Round 10",999,1.51,-10.5,2.51,10.5,1,0.406273544,0.593726456,1,"GWS",13,5,1,4
"156",156,"8/8/20",9982,2020,"Port Adelaide","Richmond","Home","Adelaide Oval","Round 11",999,1.85,-1.5,2,1.5,1,0.463443458,0.536556482,1,"Port Adelaide",6,5,1,21
"157",157,"8/8/20",9983,2020,"Brisbane","Western Bulldogs","Home","Gabba","Round 11",999,1.44,-14.5,2.9,14.5,1,0.379348844,0.620651126,1,"Brisbane",17,14,1,24
"158",158,"9/8/20",9984,2020,"West Coast","Carlton","Home","Optus Stadium","Round 11",999,1.28,-19.5,3.75,19.5,1,0.343167037,0.656832933,1,"West Coast",21,14,1,22
"159",159,"9/8/20",9985,2020,"Melbourne","North Melbourne","Home","Adelaide Oval","Round 11",999,1.52,-11.5,2.55,11.5,1,0.382975578,0.617024422,1,"Melbourne",16,14,1,57
"160",160,"10/8/20",9986,2020,"St Kilda","Geelong","Home","Gabba","Round 11",999,2.55,-10.5,1.52,10.5,1,0.386268437,0.613731623,0,"St Kilda",16,14,0,-59
"161",161,"10/8/20",9987,2020,"Fremantle","Hawthorn","Home","Optus Stadium","Round 11",999,2.02,2.5,1.8,-2.5,0,0.505454481,0.494545609,1,"Hawthorn",0,-4,0,16
"162",162,"11/8/20",9988,2020,"Adelaide","Collingwood","Home","Adelaide Oval","Round 11",999,4,21.5,1.25,-21.5,0,0.694064498,0.305935442,0,"Collingwood",-24,-14,1,-24
"163",163,"12/8/20",9989,2020,"Gold Coast","Essendon","Home","Carrara","Round 11",999,2.05,3.5,1.78,-3.5,0,0.51651901,0.48348093,2,"Essendon",-1,-4,0,0
"164",164,"8/8/20",9982,2020,"Richmond","Port Adelaide","Away","Adelaide Oval","Round 11",999,2,1.5,1.85,-1.5,0,0.532881021,0.467118979,0,"Port Adelaide",-3,-4,1,-21
"165",165,"8/8/20",9983,2020,"Western Bulldogs","Brisbane","Away","Gabba","Round 11",999,2.9,14.5,1.44,-14.5,0,0.608103216,0.391896784,0,"Brisbane",-13,-13,1,-24
"166",166,"9/8/20",9984,2020,"Carlton","West Coast","Away","Optus Stadium","Round 11",999,3.75,19.5,1.28,-19.5,0,0.688535929,0.311464071,0,"West Coast",-23,-13,1,-22
"167",167,"9/8/20",9985,2020,"North Melbourne","Melbourne","Away","Adelaide Oval","Round 11",999,2.55,11.5,1.52,-11.5,0,0.626100659,0.373899311,0,"Melbourne",-15,-13,1,-57
"168",168,"10/8/20",9986,2020,"Geelong","St Kilda","Away","Gabba","Round 11",999,1.52,10.5,2.55,-10.5,0,0.604665995,0.395334035,1,"St Kilda",-13,-13,0,59
"169",169,"10/8/20",9987,2020,"Hawthorn","Fremantle","Away","Optus Stadium","Round 11",999,1.8,-2.5,2.02,2.5,1,0.488759041,0.511241019,0,"Hawthorn",2,5,0,-16
"170",170,"11/8/20",9988,2020,"Collingwood","Adelaide","Away","Adelaide Oval","Round 11",999,1.25,-21.5,4,21.5,1,0.343271583,0.656728327,1,"Collingwood",21,13,1,24
"171",171,"12/8/20",9989,2020,"Essendon","Gold Coast","Away","Carrara","Round 11",999,1.78,-3.5,2.05,3.5,1,0.455472946,0.544527113,2,"Essendon",7,5,0,0
"172",172,"13/8/20",9982,2020,"Sydney","GWS","Home","Perth","Round 12",999,3.9,20.5,1.26,-20.5,0,0.666156232,0.333843797,1,"GWS",-20,-14,0,41
"173",173,"14/8/20",9983,2020,"Geelong","Port Adelaide","Home","Gabba","Round 12",999,2.05,4.5,1.78,-4.5,0,0.54008472,0.459915251,1,"Port Adelaide",-4,-4,0,60
"174",174,"15/8/20",9984,2020,"North Melbourne","Brisbane","Home","Metricon","Round 12",999,5.57,28.5,1.14,-28.5,0,0.717076123,0.282923907,0,"Brisbane",-27,-24,1,-1
"175",175,"15/8/20",9985,2020,"Melbourne","Collingwood","Home","Gabba","Round 12",999,1.96,1.5,1.85,-1.5,0,0.520978749,0.479021281,1,"Collingwood",-2,-4,0,56
"176",176,"15/8/20",9986,2020,"Fremantle","Carlton","Home","Perth","Round 12",999,2,2.5,1.81,-2.5,0,0.50255847,0.49744162,0,"Carlton",1,-4,1,-4
"177",177,"16/8/20",9987,2020,"Western Bulldogs","Adelaide","Home","Metricon","Round 12",999,1.1,-34.5,6.5,34.5,1,0.131745934,0.868254066,1,"Western Bulldogs",49,36,1,57
"178",178,"16/8/20",9988,2020,"St Kilda","Essendon","Home","Gabba","Round 12",999,1.39,-15.5,2.94,15.5,1,0.36860162,0.63139838,1,"St Kilda",18,14,1,35
"179",179,"16/8/20",9989,2020,"West Coast","Hawthorn","Home","Perth","Round 12",999,1.16,-26.5,5.25,26.5,1,0.265639633,0.734360337,1,"West Coast",31,24,1,32
"180",180,"17/8/20",9990,2020,"Richmond","Gold Coast","Home","Gabba","Round 12",999,1.26,-21.5,3.75,21.5,1,0.2852045,0.71479553,1,"Richmond",29,23,1,21
"181",181,"13/8/20",9982,2020,"GWS","Sydney","Away","Perth","Round 12",999,1.26,-20.5,3.9,20.5,1,0.33652544,0.663474619,0,"GWS",22,13,0,-41
"182",182,"14/8/20",9983,2020,"Port Adelaide","Geelong","Away","Gabba","Round 12",999,1.78,-4.5,2.05,4.5,1,0.431738019,0.568262041,0,"Port Adelaide",10,2,0,-60
"183",183,"15/8/20",9984,2020,"Brisbane","North Melbourne","Away","Metricon","Round 12",999,1.14,-28.5,5.57,28.5,1,0.254155576,0.745844424,1,"Brisbane",33,24,1,1
"184",184,"15/8/20",9985,2020,"Collingwood","Melbourne","Away","Gabba","Round 12",999,1.85,-1.5,1.96,1.5,0,0.51919955,0.48080045,0,"Melbourne",-1,-4,1,-56
"185",185,"15/8/20",9986,2020,"Carlton","Fremantle","Away","Perth","Round 12",999,1.81,-2.5,2,2.5,1,0.464272767,0.535727262,1,"Carlton",6,3,1,4
"186",186,"16/8/20",9987,2020,"Adelaide","Western Bulldogs","Away","Metricon","Round 12",999,6.5,34.5,1.1,-34.5,0,0.855111778,0.144888222,0,"Western Bulldogs",-45,-38,1,-57
"187",187,"16/8/20",9988,2020,"Essendon","St Kilda","Away","Gabba","Round 12",999,5.25,26.5,1.16,-26.5,0,0.710893273,0.289106727,0,"St Kilda",-26,-24,1,-35
"188",188,"16/8/20",9989,2020,"Hawthorn","West Coast","Away","Perth","Round 12",999,5.25,26.5,1.16,-26.5,0,0.739314854,0.260685146,0,"West Coast",-30,-23,1,-32
"189",189,"17/8/20",9990,2020,"Gold Coast","Richmond","Away","Gabba","Round 12",999,3.75,21.5,1.26,-21.5,0,0.719175637,0.280824333,0,"Richmond",-27,-24,1,-21
"190",190,"21/8/20",9982,2020,"Gold Coast","Carlton","Home"," TIO","Round 13",999,2.3,7.5,1.62,-7.5,0,0.554028392,0.445971638,0,"Carlton",-6,-2,1,-33
"191",191,"22/8/20",9983,2020,"Western Bulldogs","Melbourne","Home"," Metricon","Round 13",999,2.05,3.5,1.78,-3.5,0,0.57809031,0.42190966,1,"Melbourne",-9,-2,0,28
"192",192,"22/8/20",9984,2020,"Port Adelaide","Hawthorn","Home"," Adelaide","Round 13",999,1.14,-27.5,5.75,27.5,1,0.302667171,0.697332859,1,"Port Adelaide",26,14,1,10
"193",193,"22/8/20",9985,2020,"Fremantle","Sydney","Home"," Perth","Round 13",999,1.62,-7.5,2.3,7.5,1,0.465379655,0.534620345,1,"Fremantle",5,7,1,31
"194",194,"22/8/20",9986,2020,"Essendon","Richmond","Home"," TIO","Round 13",999,5.1,25.5,1.17,-25.5,0,0.716628134,0.283371836,0,"Richmond",-27,-25,1,-12
"195",195,"23/8/20",9987,2020,"Adelaide","Geelong","Home"," Adelaide","Round 13",999,9,37.5,1.06,-37.5,0,0.843762159,0.156237856,0,"Geelong",-43,-41,1,-28
"196",196,"23/8/20",9988,2020,"Brisbane","St Kilda","Home"," Gabba","Round 13",999,1.4,-15.5,2.95,15.5,1,0.407122821,0.59287715,1,"Brisbane",13,7,1,2
"197",197,"23/8/20",9989,2020,"West Coast","GWS","Home"," Perth","Round 13",999,1.3,-19.5,3.55,19.5,1,0.349228114,0.650771856,1,"West Coast",20,14,1,12
"198",198,"24/8/20",9990,2020,"Collingwood","North Melbourne","Home"," Gabba","Round 13",999,1.39,-15.5,3,15.5,1,0.379307598,0.620692372,1,"Collingwood",17,14,1,30
"199",199,"21/8/20",9982,2020,"Carlton","Gold Coast","Away"," TIO","Round 13",999,1.62,-7.5,2.3,7.5,1,0.484853983,0.515146017,1,"Carlton",3,7,1,33
"200",200,"22/8/20",9983,2020,"Melbourne","Western Bulldogs","Away"," Metricon","Round 13",999,1.78,-3.5,2.05,3.5,1,0.492011935,0.507987976,0,"Melbourne",2,7,0,-28
"201",201,"22/8/20",9984,2020,"Hawthorn","Port Adelaide","Away"," Adelaide","Round 13",999,5.75,27.5,1.14,-27.5,0,0.712049186,0.287950784,0,"Port Adelaide",-26,-25,1,-10
"202",202,"22/8/20",9985,2020,"Sydney","Fremantle","Away"," Perth","Round 13",999,2.3,7.5,1.62,-7.5,0,0.565584779,0.434415221,0,"Fremantle",-7,-2,1,-31
"203",203,"22/8/20",9986,2020,"Richmond","Essendon","Away"," TIO","Round 13",999,1.17,-25.5,5.1,25.5,1,0.300870061,0.699129879,1,"Richmond",27,14,1,12
"204",204,"23/8/20",9987,2020,"Geelong","Adelaide","Away"," Adelaide","Round 13",999,1.06,-37.5,9,37.5,1,0.137945324,0.862054706,1,"Geelong",48,37,1,28
"205",205,"23/8/20",9988,2020,"St Kilda","Brisbane","Away"," Gabba","Round 13",999,2.95,15.5,1.4,-15.5,0,0.610914648,0.389085323,0,"Brisbane",-13,-14,1,-2
"206",206,"23/8/20",9989,2020,"GWS","West Coast","Away"," Perth","Round 13",999,3.55,19.5,1.3,-19.5,0,0.683408916,0.316591084,0,"West Coast",-23,-15,1,-12
"207",207,"24/8/20",9990,2020,"North Melbourne","Collingwood","Away"," Gabba","Round 13",999,3,15.5,1.39,-15.5,0,0.625538766,0.374461234,0,"Collingwood",-15,-14,1,-30
"208",208,"27/8/20",9982,2020,"Hawthorn","Essendon","Home"," Adelaide","Round 14",999,2.25,6.5,1.65,-6.5,0,0.525993049,0.474006921,0,"Essendon",-2,-4,1,-16
"209",209,"27/8/20",9983,2020,"Richmond","West Coast","Home"," Metricon","Round 14",999,1.82,-2.5,2,2.5,1,0.491733015,0.508266926,1,"Richmond",2,2,1,27
"210",210,"28/8/20",9984,2020,"Western Bulldogs","Geelong","Home"," Metricon","Round 14",999,2.5,10.5,1.54,-10.5,0,0.595464408,0.404535562,0,"Geelong",-11,-4,1,-11
"211",211,"29/8/20",9985,2020,"Port Adelaide","Sydney","Home"," Adelaide","Round 14",999,1.16,-26.5,5.3,26.5,1,0.260626763,0.739373267,1,"Port Adelaide",32,28,1,26
"212",212,"29/8/20",9986,2020,"Fremantle","GWS","Home"," Perth","Round 14",999,2.4,8.5,1.58,-8.5,0,0.597235441,0.402764589,0,"GWS",-12,-4,1,-38
"213",213,"29/8/20",9987,2020,"Melbourne","St Kilda","Home"," TIO","Round 14",999,2.05,3.5,1.78,-3.5,0,0.515836656,0.484163314,1,"St Kilda",-1,-4,0,3
"214",214,"30/8/20",9988,2020,"Carlton","Collingwood","Home"," Gabba","Round 14",999,2.15,5.5,1.71,-5.5,0,0.546522498,0.453477502,0,"Collingwood",-5,-4,1,-24
"215",215,"30/8/20",9989,2020,"Gold Coast","North Melbourne","Home"," Metricon","Round 14",999,1.58,-8.5,2.4,8.5,1,0.392286867,0.607713103,1,"Gold Coast",15,14,1,63
"216",216,"27/8/20",9982,2020,"Essendon","Hawthorn","Away"," Adelaide","Round 14",999,1.65,-6.5,2.25,6.5,1,0.419577718,0.580422223,1,"Essendon",11,2,1,16
"217",217,"27/8/20",9983,2020,"West Coast","Richmond","Away"," Metricon","Round 14",999,2,2.5,1.82,-2.5,0,0.504674733,0.495325267,0,"Richmond",0,-3,1,-27
"218",218,"28/8/20",9984,2020,"Geelong","Western Bulldogs","Away"," Metricon","Round 14",999,1.54,-10.5,2.5,10.5,1,0.406698018,0.593302011,1,"Geelong",13,2,1,11
"219",219,"29/8/20",9985,2020,"Sydney","Port Adelaide","Away"," Adelaide","Round 14",999,5.3,26.5,1.16,-26.5,0,0.776559889,0.223440066,0,"Port Adelaide",-35,-23,1,-26
"220",220,"29/8/20",9986,2020,"GWS","Fremantle","Away"," Perth","Round 14",999,1.58,-8.5,2.4,8.5,1,0.388844997,0.611154974,1,"GWS",15,14,1,38
"221",221,"29/8/20",9987,2020,"St Kilda","Melbourne","Away"," TIO","Round 14",999,1.78,-3.5,2.05,3.5,1,0.452170223,0.547829807,0,"St Kilda",7,2,0,-3
"222",222,"30/8/20",9988,2020,"Collingwood","Carlton","Away"," Gabba","Round 14",999,1.71,-5.5,2.15,5.5,1,0.4832322,0.5167678,1,"Collingwood",3,2,1,24
"223",223,"30/8/20",9989,2020,"North Melbourne","Gold Coast","Away"," Metricon","Round 14",999,2.4,8.5,1.58,-8.5,0,0.598680019,0.401319981,0,"Gold Coast",-12,-4,1,-63
"224",224,"1/9/20",9982,2020,"Hawthorn","Adelaide","Home","Adelaide","Round 15",999,1.39,-14.5,3.1,14.5,1,0.38,0.62,0,"Hawthorn",17,NA,0,-35
"225",225,"1/9/20",9983,2020,"West Coast","Essendon","Home","Gabba","Round 15",999,1.39,-13.5,3.1,13.5,1,0.33,0.67,1,"West Coast",23,NA,1,15
"226",226,"2/9/20",9984,2020,"Richmond","Fremantle","Home","Metricon","Round 15",999,1.08,-29.5,8.5,29.5,1,0.25,0.75,1,"Richmond",33,NA,1,27
"227",227,"3/9/20",9985,2020,"Sydney","Melbourne","Home","Cazaly's","Round 15",999,4.05,19.5,1.26,-19.5,0,0.65,0.35,0,"Melbourne",-19,NA,1,21
"228",228,"3/9/20",9986,2020,"GWS","Carlton","Home","Metricon","Round 15",999,1.45,-12.5,2.86,12.5,1,0.41,0.59,1,"GWS",12,NA,1,9
"229",229,"4/9/20",9987,2020,"Brisbane","Collingwood","Home","Gabba","Round 15",999,1.37,-15.5,3.2,15.5,1,0.37,0.63,1,"Brisbane",17,NA,1,8
"230",230,"5/9/20",9988,2020,"North Melbourne","Port Adelaide","Home","Metricon","Round 16",999,7.5,32.5,1.09,-32.5,0,0.705275059,0.294724911,1,"Port Adelaide",-25,-27,0,-36
"231",231,"6/9/20",9983,2020,"St Kilda","Hawthorn","Home","Metricon","Round 16",999,1.26,-20.5,3.9,20.5,1,0.309127212,0.690872729,1,"St Kilda",26,11,1,14
"232",232,"6/9/20",9984,2020,"Geelong","Essendon","Home","Gabba","Round 16",999,1.31,-18.5,3.5,18.5,1,0.325636446,0.674363554,1,"Geelong",23,11,1,66
"233",233,"3/9/20",9985,2020,"Western Bulldogs","West Coast","Home","Metricon","Round 16",999,2.4,8.5,1.58,-8.5,1,0.467062175,0.532937765,1,"Western Bulldogs",5,1,1,2
"234",234,"7/9/20",9986,2020,"Melbourne","Fremantle","Home","Cazaly's","Round 16",999,1.6,-7.5,2.3,7.5,1,0.389065653,0.610934317,0,"Melbourne",15,12,0,-14
"235",235,"8/9/20",9987,2020,"Adelaide","GWS","Home","Adelaide","Round 16",999,3.6,19.5,1.28,-19.5,0,0.618327379,0.381672651,0,"GWS",-14,-16,1,12
"236",236,"8/9/20",9988,2020,"Carlton","Sydney","Home","Metricon","Round 16",999,1.54,-9.5,2.45,9.5,1,0.382709235,0.617290795,1,"Carlton",16,12,1,5
"237",237,"9/9/20",9989,2020,"Brisbane","Gold Coast","Home","Gabba","Round 16",999,1.3,-21,3.45,21,1,0.254385829,0.745614171,1,"Brisbane",33,20,1,45
"238",238,"5/9/20",9982,2020,"Port Adelaide","North Melbourne","Away","Metricon","Round 16",999,1.09,-32.5,7.5,32.5,1,0.214126632,0.785873353,1,"Port Adelaide",38,20,1,36
"239",239,"6/9/20",9983,2020,"Hawthorn","St Kilda","Away","Metricon","Round 16",999,3.9,20.5,1.26,-20.5,0,0.654017508,0.345982432,1,"St Kilda",-19,-16,0,-14
"240",240,"6/9/20",9984,2020,"Essendon","Geelong","Away","Gabba","Round 16",999,3.5,18.5,1.31,-18.5,0,0.642267764,0.357732236,1,"Geelong",-17,-17,0,-66
"241",241,"3/9/20",9985,2020,"West Coast","Western Bulldogs","Away","Metricon","Round 16",999,1.58,-8.5,2.4,8.5,1,0.38297233,0.61702764,0,"West Coast",16,11,0,-2
"242",242,"7/9/20",9986,2020,"Fremantle","Melbourne","Away","Cazaly's","Round 16",999,2.3,7.5,1.6,-7.5,0,0.533094227,0.466905802,0,"Melbourne",-3,-8,1,14
"243",243,"8/9/20",9987,2020,"GWS","Adelaide","Away","Adelaide","Round 16",999,1.28,-19.5,3.6,19.5,1,0.319047332,0.680952728,0,"GWS",24,12,0,-12
"244",244,"8/9/20",9988,2020,"Sydney","Carlton","Away","Metricon","Round 16",999,2.45,9.5,1.54,-9.5,0,0.529869676,0.470130354,1,"Carlton",-3,-8,0,-5
"245",245,"9/9/20",9989,2020,"Gold Coast","Brisbane","Away","Gabba","Round 16",999,3.45,21,1.3,-21,0,0.695006728,0.304993302,1,"Brisbane",-24,-17,0,-45
"246",246,"10/9/20",9982,2020,"St Kilda","West Coast","Home","Gabba","Round 17",999,1.65,-6.5,2.25,6.5,1,0.416487068,0.583512902,0,"St Kilda",12,4,0,-15
"247",247,"11/9/20",9983,2020,"Geelong","Richmond","Home","Metricon","Round 17",999,1.65,-4.5,2.25,4.5,1,0.431678772,0.568321228,0,"Geelong",10,4,0,-26
"248",248,"12/9/20",9984,2020,"North Melbourne","Fremantle","Home","Metricon","Round 17",999,2.5,9.5,1.54,-9.5,0,0.551196098,0.448803961,0,"Fremantle",-6,-5,1,-64
"249",249,"12/9/20",9985,2020,"Port Adelaide","Essendon","Home","Adelaide","Round 17",999,1.12,-29.5,6.5,29.5,1,0.195460036,0.804539919,1,"Port Adelaide",40,35,1,50
"250",250,"12/9/20",9986,2020,"GWS","Melbourne","Home","Gabba","Round 17",999,1.71,-5.5,2.15,5.5,1,0.451445699,0.548554301,0,"GWS",7,4,0,-5
"251",251,"13/9/20",9987,2020,"Carlton","Adelaide","Home","Metricon","Round 17",999,1.45,-13.5,2.75,13.5,1,0.382183641,0.617816389,0,"Carlton",16,13,0,-16
"252",252,"13/9/20",9988,2020,"Hawthorn","Western Bulldogs","Home","Adelaide","Round 17",999,3.5,18.5,1.29,-18.5,0,0.690852702,0.309147269,0,"Western Bulldogs",-24,-13,1,-36
"253",253,"13/9/20",9989,2020,"Sydney","Brisbane","Home","Cazaly's","Round 17",999,3.06,15.5,1.36,-15.5,0,0.610497117,0.389502913,0,"Brisbane",-13,-14,1,-32
"254",254,"14/9/20",9990,2020,"Collingwood","Gold Coast","Home","Gabba","Round 17",999,1.3,-18.5,3.45,18.5,1,0.329095602,0.670904458,1,"Collingwood",23,13,1,22
"255",255,"10/9/20",9982,2020,"West Coast","St Kilda","Away","Gabba","Round 17",999,2.25,6.5,1.65,-6.5,0,0.57158047,0.42841956,1,"St Kilda",-8,-5,0,15
"256",256,"11/9/20",9983,2020,"Richmond","Geelong","Away","Metricon","Round 17",999,2.25,4.5,1.65,-4.5,0,0.556137979,0.443861991,1,"Geelong",-6,-6,0,26
"257",257,"12/9/20",9984,2020,"Fremantle","North Melbourne","Away","Metricon","Round 17",999,1.54,-9.5,2.5,9.5,1,0.404539496,0.595460474,1,"Fremantle",13,4,1,64
"258",258,"12/9/20",9985,2020,"Essendon","Port Adelaide","Away","Adelaide","Round 17",999,6.5,29.5,1.12,-29.5,0,0.81004703,0.18995294,0,"Port Adelaide",-39,-34,1,-50
"259",259,"12/9/20",9986,2020,"Melbourne","GWS","Away","Gabba","Round 17",999,2.15,5.5,1.71,-5.5,0,0.543822646,0.456177384,1,"GWS",-5,-5,0,5
"260",260,"13/9/20",9987,2020,"Adelaide","Carlton","Away","Metricon","Round 17",999,2.75,13.5,1.45,-13.5,0,0.602326632,0.397673368,1,"Carlton",-12,-13,0,16
"261",261,"13/9/20",9988,2020,"Western Bulldogs","Hawthorn","Away","Adelaide","Round 17",999,1.29,-18.5,3.5,18.5,1,0.348757118,0.651242912,1,"Western Bulldogs",21,13,1,36
"262",262,"13/9/20",9989,2020,"Brisbane","Sydney","Away","Cazaly's","Round 17",999,1.36,-15.5,3.06,15.5,1,0.378342301,0.621657729,1,"Brisbane",17,13,1,32
"263",263,"14/9/20",9990,2020,"Gold Coast","Collingwood","Away","Gabba","Round 17",999,3.45,18.5,1.3,-18.5,0,0.686653137,0.313346833,0,"Collingwood",-23,-14,1,-22
"264",264,"2020-09-17",9982,2020,"North Melbourne","West Coast","Home","Metricon","Round 18",999,7,30.5,1.1,-30.5,0,0.801323473453522,0.198676556348801,NA,"West Coast",-38,-40,NA,NA
"265",265,"2020-09-18",9983,2020,"St Kilda","GWS","Home","Gabba","Round 18",999,1.8,-1.5,2,1.5,1,0.44028976559639,0.559710264205933,NA,"St Kilda",9,7,NA,NA
"266",266,"2020-09-19",9984,2020,"Essendon","Melbourne","Home","Metricon","Round 18",999,2.6,11.5,1.5,-11.5,0,0.591234505176544,0.408765554428101,NA,"Melbourne",-11,-5,NA,NA
"267",267,"2020-09-19",9985,2020,"Adelaide","Richmond","Home","Adelaide","Round 18",999,3.95,21.5,1.24,-21.5,0,0.673020243644714,0.326979726552963,NA,"Richmond",-21,-14,NA,NA
"268",268,"2020-09-19",9986,2020,"Brisbane","Carlton","Home","Gabba","Round 18",999,1.18,-26.5,5,26.5,1,0.322491973638535,0.677508056163788,NA,"Brisbane",24,14,NA,NA
"269",269,"2020-09-20",9987,2020,"Hawthorn","Gold Coast","Home","Adelaide","Round 18",999,2.15,5.5,1.71,-5.5,0,0.577167093753815,0.422832846641541,NA,"Gold Coast",-9,-5,NA,NA
"270",270,"2020-09-20",9988,2020,"Sydney","Geelong","Home","Metricon","Round 18",999,5,26.5,1.18,-26.5,0,0.708739697933197,0.291260331869125,NA,"Geelong",-26,-24,NA,NA
"271",271,"2020-09-20",9989,2020,"Fremantle","Western Bulldogs","Home","Cazaly's","Round 18",999,2.86,13.5,1.4,-13.5,0,0.641282916069031,0.358717083930969,NA,"Western Bulldogs",-17,-14,NA,NA
"272",272,"2020-09-21",9990,2020,"Collingwood","Port Adelaide","Home","Gabba","Round 18",999,2.26,7.5,1.62,-7.5,0,0.599510014057159,0.400489985942841,NA,"Port Adelaide",-12,-4,NA,NA
"273",273,"2020-09-17",9982,2020,"West Coast","North Melbourne","Away","Metricon","Round 18",999,1.1,-30.5,7,30.5,1,0.205956697463989,0.794043302536011,NA,"West Coast",39,27,NA,NA
"274",274,"2020-09-18",9983,2020,"GWS","St Kilda","Away","Gabba","Round 18",999,2,1.5,1.8,-1.5,0,0.555941700935364,0.444058328866959,NA,"St Kilda",-6,-4,NA,NA
"275",275,"2020-09-19",9984,2020,"Melbourne","Essendon","Away","Metricon","Round 18",999,1.5,-11.5,2.6,11.5,1,0.400214612483978,0.599785387516022,NA,"Melbourne",14,7,NA,NA
"276",276,"2020-09-19",9985,2020,"Richmond","Adelaide","Away","Adelaide","Round 18",999,1.24,-21.5,3.95,21.5,1,0.342507213354111,0.657492756843567,NA,"Richmond",21,14,NA,NA
"277",277,"2020-09-19",9986,2020,"Carlton","Brisbane","Away","Gabba","Round 18",999,5,26.5,1.18,-26.5,0,0.705451965332031,0.294548064470291,NA,"Brisbane",-26,-25,NA,NA
"278",278,"2020-09-20",9987,2020,"Gold Coast","Hawthorn","Away","Adelaide","Round 18",999,1.71,-5.5,2.15,5.5,1,0.413714438676834,0.586285591125488,NA,"Gold Coast",12,7,NA,NA
"279",279,"2020-09-20",9988,2020,"Geelong","Sydney","Away","Metricon","Round 18",999,1.18,-26.5,5,26.5,1,0.29445344209671,0.70554655790329,NA,"Geelong",28,27,NA,NA
"280",280,"2020-09-20",9989,2020,"Western Bulldogs","Fremantle","Away","Cazaly's","Round 18",999,1.4,-13.5,2.86,13.5,1,0.414915770292282,0.585084199905396,NA,"Western Bulldogs",12,6,NA,NA
"281",281,"2020-09-21",9990,2020,"Port Adelaide","Collingwood","Away","Gabba","Round 18",999,1.62,-7.5,2.26,7.5,1,0.415690243244171,0.584309756755829,NA,"Port Adelaide",12,7,NA,NA
"282",NA,"2020-10-24",9982,2020,"Richmond","Geelong","Home","Gabba","Round 22",999,1.87,-1.5,2,1.5,1,0.438890248537064,0.561109781265259,NA,"Richmond",9,3,NA,NA
"283",NA,"2020-10-24",9982,2020,"Geelong","Richmond","Away","Gabba","Round 22",999,2,1.5,1.87,-1.5,1,0.440637618303299,0.559362351894379,NA,"Geelong",9,3,NA,NA
